id,event_id,restaurant,burger,description,neighborhood,address,latitude,longitude,hours_monday,hours_tuesday,hours_wednesday,hours_thursday,hours_friday,hours_saturday,hours_sunday,tags,restaurant_photo,maps_url,everout_url
burger-26001,burger-week-2026,10 Barrel Brewing,The Patty Meltdella Effect,"Gochujang burger sauce, 7 oz chuck, brisket, short rib burger patty, American & Swiss cheese, onion jam on Texas Toast!",Pearl District - Northwest Portland,1411 NW Flanders,,,12-10 pm,12-10 pm,12-10 pm,12-10 pm,11 am-11 pm,11 am-11 pm,12-9 pm,,https://d2sa0osf92td39.cloudfront.net/eyJidWNrZXQiOiAiZXZlcm91dC1pbWFnZXMtcHJvZHVjdGlvbiIsICJrZXkiOiAiaW1hZ2UtMTc4NDMwOTk5NzE5OTE5NC0xMC1CYXJyZWwuanBnIiwgImVkaXRzIjogeyJyZXNpemUiOiB7ImZpdCI6ICJpbnNpZGUiLCAicG9zaXRpb24iOiAiY2VudHJlIiwgIndpZHRoIjogOTYwLCAiaGVpZ2h0IjogNjAwLCAid2l0aG91dEVubGFyZ2VtZW50IjogZmFsc2V9LCAicm90YXRlIjogbnVsbH19,https://maps.google.com/?cid=9919821746200555827&g_mp=CiVnb29nbGUubWFwcy5wbGFjZXMudjEuUGxhY2VzLkdldFBsYWNlEAMYASAF&hl=en-US&source=embed,https://everout.com/portland/events/the-patty-meltdella-effect/e248983/
burger-26002,burger-week-2026,2NW5,Nacho Burger,"Fresh beef patty on a toasted Martin's bun topped with pickled jalape_s, grilled queso Oaxaque_, avocado, and crunchy corn chips, plus a grilled jalape_ on top and queso for dipping on the side.",Old Town-Chinatown - Northwest Portland,Two NW Fifth Ave,,,,6 pm-12 am,6 pm-12 am,6 pm-12 am,6 pm-12 am,6 pm-12 am,,,https://d2sa0osf92td39.cloudfront.net/eyJidWNrZXQiOiAiZXZlcm91dC1pbWFnZXMtcHJvZHVjdGlvbiIsICJrZXkiOiAiaW1hZ2UtMTc4NDMxMDU3NTc5ODkyMi0yTlc1LVNwZWFrZWFzeS5qcGciLCAiZWRpdHMiOiB7InJlc2l6ZSI6IHsiZml0IjogImluc2lkZSIsICJwb3NpdGlvbiI6ICJjZW50cmUiLCAid2lkdGgiOiA5NjAsICJoZWlnaHQiOiA2MDAsICJ3aXRob3V0RW5sYXJnZW1lbnQiOiBmYWxzZX0sICJyb3RhdGUiOiBudWxsfX0=,https://maps.google.com/?cid=10270163852988955925&g_mp=CiVnb29nbGUubWFwcy5wbGFjZXMudjEuUGxhY2VzLkdldFBsYWNlEAMYASAF&hl=en-US&source=embed,https://everout.com/portland/events/nacho-burger/e248989/
burger-26003,burger-week-2026,Abigail Hall,The Ab-Brie Burger,"Ground beef patty, bacon chipotle onion jam, relish, Brie cheese, and arugula on a brioche bun.",Southwest Portland,813 SW Alder,,,5-11 pm,5-11 pm,5-11 pm,5-11 pm,5-11 pm,5-11 pm,5-11 pm,,https://d2sa0osf92td39.cloudfront.net/eyJidWNrZXQiOiAiZXZlcm91dC1pbWFnZXMtcHJvZHVjdGlvbiIsICJrZXkiOiAiaW1hZ2UtMTc4NDMwOTYxODczMTc0OC1BYmlnYWlsLUhhbGwuanBnIiwgImVkaXRzIjogeyJyZXNpemUiOiB7ImZpdCI6ICJpbnNpZGUiLCAicG9zaXRpb24iOiAiY2VudHJlIiwgIndpZHRoIjogOTYwLCAiaGVpZ2h0IjogNjAwLCAid2l0aG91dEVubGFyZ2VtZW50IjogZmFsc2V9LCAicm90YXRlIjogbnVsbH19,https://maps.google.com/?cid=10322291428544114964&g_mp=CiVnb29nbGUubWFwcy5wbGFjZXMudjEuUGxhY2VzLkdldFBsYWNlEAMYASAF&hl=en-US&source=embed,https://everout.com/portland/events/the-ab-brie-burger/e248981/
burger-26004,burger-week-2026,Aji Tram Restaurant and Bar,Basil Buckaroo Burger,"Beef patty, thai chili basil aioli, togarashi Walla Walla onion rings, pork belly, American cheese, arugula, brioche bun.",Lake Oswego,4477 Lakeview Blvd,,,11:30 am-9 pm,11:30 am-9 pm,11:30 am-9 pm,11:30 am-9 pm,11:30 am-9 pm,12-10 pm,12-9 pm,,https://d2sa0osf92td39.cloudfront.net/eyJidWNrZXQiOiAiZXZlcm91dC1pbWFnZXMtcHJvZHVjdGlvbiIsICJrZXkiOiAiaW1hZ2UtMTc4NDMxMDE4NDg0NzE3LUFqaS1UcmFtLmpwZyIsICJlZGl0cyI6IHsicmVzaXplIjogeyJmaXQiOiAiaW5zaWRlIiwgInBvc2l0aW9uIjogImNlbnRyZSIsICJ3aWR0aCI6IDk2MCwgImhlaWdodCI6IDYwMCwgIndpdGhvdXRFbmxhcmdlbWVudCI6IGZhbHNlfSwgInJvdGF0ZSI6IG51bGx9fQ==,https://maps.google.com/?cid=4239994008083990931&g_mp=CiVnb29nbGUubWFwcy5wbGFjZXMudjEuUGxhY2VzLkdldFBsYWNlEAMYASAF&hl=en-US&source=embed,https://everout.com/portland/events/basil-buckaroo-burger/e248987/
burger-26005,burger-week-2026,Amaros Table Downtown,The Pambazo Burger,"Country Natural ground chuck, Swiss cheese, chorizo-potato hash, shredded lettuce, caramelized onion, avocado, salsa verde, and crema on a rustic bun dipped in guajillo sauce, griddled until crisp, then spread with refried pinto beans.",Vancouver,1220 Main St. Ste. 100,,,11 am-10 pm,11 am-10 pm,11 am-10 pm,11 am-10 pm,11 am-10 pm,11 am-10 pm,11 am-10 pm,,https://d2sa0osf92td39.cloudfront.net/eyJidWNrZXQiOiAiZXZlcm91dC1pbWFnZXMtcHJvZHVjdGlvbiIsICJrZXkiOiAiaW1hZ2UtMTc4NDMxMTY3NDA3NjcyNi1BbWFyb3MtVGFibGVfRG93bnRvd24uanBnIiwgImVkaXRzIjogeyJyZXNpemUiOiB7ImZpdCI6ICJpbnNpZGUiLCAicG9zaXRpb24iOiAiY2VudHJlIiwgIndpZHRoIjogOTYwLCAiaGVpZ2h0IjogNjAwLCAid2l0aG91dEVubGFyZ2VtZW50IjogZmFsc2V9LCAicm90YXRlIjogbnVsbH19,https://maps.google.com/?cid=1093580761494169128&g_mp=CiVnb29nbGUubWFwcy5wbGFjZXMudjEuUGxhY2VzLkdldFBsYWNlEAMYASAF&hl=en-US&source=embed,https://everout.com/portland/events/the-pambazo-burger/e248995/
burger-26006,burger-week-2026,Arch Bridge Taphouse,Nacho Man Smashy Savage,"House-ground chuck smash patty, mini tortilla chips, chorizo, queso blanco, avocado sauce, pico de gallo, and chipotle aioli (all made in-house) on an An Xuyen butter roll.",Oregon City,205 7th,,,,2-10 pm,2-10 pm,2-10 pm,2-10 pm,2-10 pm,2-9 pm,,https://d2sa0osf92td39.cloudfront.net/eyJidWNrZXQiOiAiZXZlcm91dC1pbWFnZXMtcHJvZHVjdGlvbiIsICJrZXkiOiAiaW1hZ2UtMTc4NDMxMTgyNDY1MTQzMi1BcmNoLUJyaWRnZS5qcGciLCAiZWRpdHMiOiB7InJlc2l6ZSI6IHsiZml0IjogImluc2lkZSIsICJwb3NpdGlvbiI6ICJjZW50cmUiLCAid2lkdGgiOiA5NjAsICJoZWlnaHQiOiA2MDAsICJ3aXRob3V0RW5sYXJnZW1lbnQiOiBmYWxzZX0sICJyb3RhdGUiOiBudWxsfX0=,https://maps.google.com/?cid=1642892600753112337&g_mp=CiVnb29nbGUubWFwcy5wbGFjZXMudjEuUGxhY2VzLkdldFBsYWNlEAMYASAF&hl=en-US&source=embed,https://everout.com/portland/events/nacho-man-smashy-savage/e248996/
burger-26007,burger-week-2026,ASL Cafe (Woodstock Cafe),Jelling Meatloaf Melt,"Built on thick slices of our cafð-baked meatloaf, layered with nutty, melty Gruy_e, roasted summer vegetables, tangy pickled onions, and our house sauce, all pressed between buttery toasted focaccia. The roasted veggies? Let_s just call them your doctor_s alibi._ we_re just saying your body deserves a little support while the meatloaf steals the show. __",Woodstock - Southeast Portland,4103 SE Woodstock Blvd,,,12-8:30 pm,12-8:30 pm,12-8:30 pm,12-8:30 pm,12-8:30 pm,12-8:30 pm,12-8:30 pm,,https://d2sa0osf92td39.cloudfront.net/eyJidWNrZXQiOiAiZXZlcm91dC1pbWFnZXMtcHJvZHVjdGlvbiIsICJrZXkiOiAiaW1hZ2UtMTc4NTM2MjMyODYxMjE0NS1BU0wtQ2FmZS5qcGciLCAiZWRpdHMiOiB7InJlc2l6ZSI6IHsiZml0IjogImluc2lkZSIsICJwb3NpdGlvbiI6ICJjZW50cmUiLCAid2lkdGgiOiA5NjAsICJoZWlnaHQiOiA2MDAsICJ3aXRob3V0RW5sYXJnZW1lbnQiOiBmYWxzZX0sICJyb3RhdGUiOiBudWxsfX0=,https://maps.google.com/?cid=2641126604155035287&g_mp=CiVnb29nbGUubWFwcy5wbGFjZXMudjEuUGxhY2VzLkdldFBsYWNlEAMYASAF&hl=en-US&source=embed,https://everout.com/portland/events/jelling-meatloaf-melt/e250204/
burger-26008,burger-week-2026,Ate-Oh-Ate (Burnside),Paniolo Burger,"Two house-ground beef patties, pineapple cowboy candy, cheddar cheese, crispy buttermilk onions on a soft bun.",Buckman - Southeast Portland,2454 E Burnside,,,11 am-9 pm,11 am-9 pm,11 am-9 pm,11 am-9 pm,11 am-9 pm,11 am-9 pm,11 am-9 pm,,https://d2sa0osf92td39.cloudfront.net/eyJidWNrZXQiOiAiZXZlcm91dC1pbWFnZXMtcHJvZHVjdGlvbiIsICJrZXkiOiAiaW1hZ2UtMTc4NDMxMTA5ODE2NzE1Ny1BdGUtT2gtQXRlLmpwZyIsICJlZGl0cyI6IHsicmVzaXplIjogeyJmaXQiOiAiaW5zaWRlIiwgInBvc2l0aW9uIjogImNlbnRyZSIsICJ3aWR0aCI6IDk2MCwgImhlaWdodCI6IDYwMCwgIndpdGhvdXRFbmxhcmdlbWVudCI6IGZhbHNlfSwgInJvdGF0ZSI6IG51bGx9fQ==,https://maps.google.com/?cid=13741881743034236413&g_mp=CiVnb29nbGUubWFwcy5wbGFjZXMudjEuUGxhY2VzLkdldFBsYWNlEAMYASAF&hl=en-US&source=embed,https://everout.com/portland/events/paniolo-burger/e248992/
burger-26009,burger-week-2026,Ate-Oh-Ate (Beaverton),Paniolo Burger,"Two house-ground beef patties, pineapple cowboy candy, cheddar cheese, crispy buttermilk onions on a soft bun.",Beaverton,4570 SW Watson Avenue,,,11 am-9 pm,11 am-9 pm,11 am-9 pm,11 am-9 pm,11 am-9 pm,11 am-9 pm,11 am-9 pm,,https://d2sa0osf92td39.cloudfront.net/eyJidWNrZXQiOiAiZXZlcm91dC1pbWFnZXMtcHJvZHVjdGlvbiIsICJrZXkiOiAiaW1hZ2UtMTc4NDMxMTA5ODE2NzE1Ny1BdGUtT2gtQXRlLmpwZyIsICJlZGl0cyI6IHsicmVzaXplIjogeyJmaXQiOiAiaW5zaWRlIiwgInBvc2l0aW9uIjogImNlbnRyZSIsICJ3aWR0aCI6IDk2MCwgImhlaWdodCI6IDYwMCwgIndpdGhvdXRFbmxhcmdlbWVudCI6IGZhbHNlfSwgInJvdGF0ZSI6IG51bGx9fQ==,https://maps.google.com/?cid=13308758723787177011&g_mp=CiVnb29nbGUubWFwcy5wbGFjZXMudjEuUGxhY2VzLkdldFBsYWNlEAMYASAF&hl=en-US&source=embed,https://everout.com/portland/events/paniolo-burger/e248990/
burger-26010,burger-week-2026,Ate-Oh-Ate (Woodstock),Paniolo Burger,"Two house-ground beef patties, pineapple cowboy candy, cheddar cheese, crispy buttermilk onions on a soft bun.",Southeast Portland,"Two house-ground beef patties, pineapple cowboy candy, cheddar cheese, crispy buttermilk onions on a soft bun.",,,11 am-9 pm,11 am-9 pm,11 am-9 pm,11 am-9 pm,11 am-9 pm,11 am-9 pm,11 am-9 pm,,https://d2sa0osf92td39.cloudfront.net/eyJidWNrZXQiOiAiZXZlcm91dC1pbWFnZXMtcHJvZHVjdGlvbiIsICJrZXkiOiAiaW1hZ2UtMTc4NDMxMTA5ODE2NzE1Ny1BdGUtT2gtQXRlLmpwZyIsICJlZGl0cyI6IHsicmVzaXplIjogeyJmaXQiOiAiaW5zaWRlIiwgInBvc2l0aW9uIjogImNlbnRyZSIsICJ3aWR0aCI6IDk2MCwgImhlaWdodCI6IDYwMCwgIndpdGhvdXRFbmxhcmdlbWVudCI6IGZhbHNlfSwgInJvdGF0ZSI6IG51bGx9fQ==,https://maps.google.com/?cid=2203172727468198672&g_mp=CiVnb29nbGUubWFwcy5wbGFjZXMudjEuUGxhY2VzLkdldFBsYWNlEAMYASAF&hl=en-US&source=embed,https://everout.com/portland/events/paniolo-burger/e248991/
burger-26011,burger-week-2026,Bar Bar,Heart and Soul,"House-made blackberry BBQ sauce, pepper jack cheese, kettle chips, and shredded lettuce.",North Portland,3943 N Mississippi,,,11-2 am,11-2 am,11-2 am,11-2 am,11-2 am,11-2 am,11-2 am,,https://d2sa0osf92td39.cloudfront.net/eyJidWNrZXQiOiAiZXZlcm91dC1pbWFnZXMtcHJvZHVjdGlvbiIsICJrZXkiOiAiaW1hZ2UtMTc4NTE4MTI1NzYyNTM1LUJhci1CYXIuanBnIiwgImVkaXRzIjogeyJyZXNpemUiOiB7ImZpdCI6ICJpbnNpZGUiLCAicG9zaXRpb24iOiAiY2VudHJlIiwgIndpZHRoIjogOTYwLCAiaGVpZ2h0IjogNjAwLCAid2l0aG91dEVubGFyZ2VtZW50IjogZmFsc2V9LCAicm90YXRlIjogbnVsbH19,https://maps.google.com/?cid=11378958090603818481&g_mp=CiVnb29nbGUubWFwcy5wbGFjZXMudjEuUGxhY2VzLkdldFBsYWNlEAMYASAF&hl=en-US&source=embed,https://everout.com/portland/events/heart-and-soul/e249916/
burger-26012,burger-week-2026,Barbur World Foods,Beirut Smokeshow,"Brioche bun, beef burger patty, guajillo pepper, toum, iceberg lettuce, pickles.",Southwest Portland,9845 SW Barbur Blvd,,,10:30 am-8 pm,10:30 am-8 pm,10:30 am-8 pm,10:30 am-8 pm,10:30 am-8 pm,10:30 am-8 pm,10:30 am-8 pm,,https://d2sa0osf92td39.cloudfront.net/eyJidWNrZXQiOiAiZXZlcm91dC1pbWFnZXMtcHJvZHVjdGlvbiIsICJrZXkiOiAiaW1hZ2UtMTc4NDMxMTIwNzMzMjUwNC1CYXJidXItV29ybGQtRm9vZHMuanBnIiwgImVkaXRzIjogeyJyZXNpemUiOiB7ImZpdCI6ICJpbnNpZGUiLCAicG9zaXRpb24iOiAiY2VudHJlIiwgIndpZHRoIjogOTYwLCAiaGVpZ2h0IjogNjAwLCAid2l0aG91dEVubGFyZ2VtZW50IjogZmFsc2V9LCAicm90YXRlIjogbnVsbH19,https://maps.google.com/?cid=10872815341232393552&g_mp=CiVnb29nbGUubWFwcy5wbGFjZXMudjEuUGxhY2VzLkdldFBsYWNlEAMYASAF&hl=en-US&source=embed,https://everout.com/portland/events/beirut-smokeshow/e248993/
burger-26013,burger-week-2026,Bergy's Burgers,Maple Barger,"Maple bar, fresh burger, bacon, cheddar cheese, drizzled with hot honey and dill pickles on the side.",Sunnyside - Southeast Portland,4255 SE Belmont St,,,12-9 pm,12-9 pm,12-9 pm,12-9 pm,12-10 pm,12-10 pm,12-9 pm,,https://d2sa0osf92td39.cloudfront.net/eyJidWNrZXQiOiAiZXZlcm91dC1pbWFnZXMtcHJvZHVjdGlvbiIsICJrZXkiOiAiaW1hZ2UtMTc4NDMxMTQwNDE2NzMyMy1CZXJneXMtQnVyZ2Vycy5qcGciLCAiZWRpdHMiOiB7InJlc2l6ZSI6IHsiZml0IjogImluc2lkZSIsICJwb3NpdGlvbiI6ICJjZW50cmUiLCAid2lkdGgiOiA5NjAsICJoZWlnaHQiOiA2MDAsICJ3aXRob3V0RW5sYXJnZW1lbnQiOiBmYWxzZX0sICJyb3RhdGUiOiBudWxsfX0=,https://maps.google.com/?cid=5478599173368224505&g_mp=CiVnb29nbGUubWFwcy5wbGFjZXMudjEuUGxhY2VzLkdldFBsYWNlEAMYASAF&hl=en-US&source=embed,https://everout.com/portland/events/maple-barger/e248994/
burger-26014,burger-week-2026,Besaw's,1903 Burger,"6 oz Waygu beef patty with iceberg lettuce, Tillamook white cheddar cheese, caramelized onions, fried pickled jalape_s, and Besaw's house sauce on a potato bun.",Northwest Portland,1545 NW 21st,,,9 am-2:30 pm,9 am-2:30 pm,9 am-2:30 pm,9 am-2:30 pm,9 am-2:30 pm,9 am-2:30 pm,9 am-2:30 pm,,https://d2sa0osf92td39.cloudfront.net/eyJidWNrZXQiOiAiZXZlcm91dC1pbWFnZXMtcHJvZHVjdGlvbiIsICJrZXkiOiAiaW1hZ2UtMTc4NDMxMjA4NTUwMDk2OS1CZWFzYXdzLmpwZyIsICJlZGl0cyI6IHsicmVzaXplIjogeyJmaXQiOiAiaW5zaWRlIiwgInBvc2l0aW9uIjogImNlbnRyZSIsICJ3aWR0aCI6IDk2MCwgImhlaWdodCI6IDYwMCwgIndpdGhvdXRFbmxhcmdlbWVudCI6IGZhbHNlfSwgInJvdGF0ZSI6IG51bGx9fQ==,https://maps.google.com/?cid=1217056389875053755&g_mp=CiVnb29nbGUubWFwcy5wbGFjZXMudjEuUGxhY2VzLkdldFBsYWNlEAMYASAF&hl=en-US&source=embed,https://everout.com/portland/events/1903-burger/e248999/
burger-26015,burger-week-2026,Big's Chicken,Smoked Out Smash,"Pepper-crusted and smoked beef patty, grilled corn & cherry pepper relish, tomato aioli, iceberg, pepper jack cheese on a soft bun.",North Tabor - Southeast Portland,4606 NE Glisan,,,11:30 am-9 pm,11:30 am-9 pm,11:30 am-9 pm,11:30 am-9 pm,11:30 am-9 pm,11:30 am-9 pm,11:30 am-9 pm,,https://d2sa0osf92td39.cloudfront.net/eyJidWNrZXQiOiAiZXZlcm91dC1pbWFnZXMtcHJvZHVjdGlvbiIsICJrZXkiOiAiaW1hZ2UtMTc4NDMxMjI3ODM5NjQ5Ny1CaWdzLUNoaWNrZW4uanBnIiwgImVkaXRzIjogeyJyZXNpemUiOiB7ImZpdCI6ICJpbnNpZGUiLCAicG9zaXRpb24iOiAiY2VudHJlIiwgIndpZHRoIjogOTYwLCAiaGVpZ2h0IjogNjAwLCAid2l0aG91dEVubGFyZ2VtZW50IjogZmFsc2V9LCAicm90YXRlIjogbnVsbH19,https://maps.google.com/?cid=13817401155878092386&g_mp=CiVnb29nbGUubWFwcy5wbGFjZXMudjEuUGxhY2VzLkdldFBsYWNlEAMYASAF&hl=en-US&source=embed,https://everout.com/portland/events/smoked-out-smash/e249000/
burger-26016,burger-week-2026,Binary Brewing,Teriyakimoto's Shu Mai Sliders,"Two buttery brioche slider buns stacked with juicy beef, pork, and shrimp patties, with finely shredded cabbage, fresh green onions, creamy Kewpie mayo, crispy wonton strips, and finished with a drizzle of our signature housemade lemongrass chili oil.",Beaverton,12345 SW Broadway St,,,,11 am-9 pm,11 am-9 pm,11 am-9 pm,11 am-10 pm,11 am-10 pm,11 am-9 pm,,https://d2sa0osf92td39.cloudfront.net/eyJidWNrZXQiOiAiZXZlcm91dC1pbWFnZXMtcHJvZHVjdGlvbiIsICJrZXkiOiAiaW1hZ2UtMTc4NDY3MDIzODY0NjEyLUJpbmFyeS1CcmV3aW5nLmpwZyIsICJlZGl0cyI6IHsicmVzaXplIjogeyJmaXQiOiAiaW5zaWRlIiwgInBvc2l0aW9uIjogImNlbnRyZSIsICJ3aWR0aCI6IDk2MCwgImhlaWdodCI6IDYwMCwgIndpdGhvdXRFbmxhcmdlbWVudCI6IGZhbHNlfSwgInJvdGF0ZSI6IG51bGx9fQ==,https://maps.google.com/?cid=8123978666612900201&g_mp=CiVnb29nbGUubWFwcy5wbGFjZXMudjEuUGxhY2VzLkdldFBsYWNlEAMYASAF&hl=en-US&source=embed,https://everout.com/portland/events/teriyakimotos-shu-mai-sliders/e249406/
burger-26017,burger-week-2026,Birdie Time Pub,*It's alive!* Pearenstein Burger,"Brioche bun, pear slice, blue cheese crumble, arugula, fig jam, beef patty.",Buckman - Southeast Portland,925 SE Main St,,,12 pm-12 am,12 pm-12 am,12 pm-12 am,12 pm-12 am,12 pm-12 am,12 pm-12 am,12 pm-12 am,,https://d2sa0osf92td39.cloudfront.net/eyJidWNrZXQiOiAiZXZlcm91dC1pbWFnZXMtcHJvZHVjdGlvbiIsICJrZXkiOiAiaW1hZ2UtMTc4NDY2ODYyMzgxMTc3Ni1CaXJkaWUtVGltZS5qcGciLCAiZWRpdHMiOiB7InJlc2l6ZSI6IHsiZml0IjogImluc2lkZSIsICJwb3NpdGlvbiI6ICJjZW50cmUiLCAid2lkdGgiOiA5NjAsICJoZWlnaHQiOiA2MDAsICJ3aXRob3V0RW5sYXJnZW1lbnQiOiBmYWxzZX0sICJyb3RhdGUiOiBudWxsfX0=,https://maps.google.com/?cid=1808836824313451219&g_mp=CiVnb29nbGUubWFwcy5wbGFjZXMudjEuUGxhY2VzLkdldFBsYWNlEAMYASAF&hl=en-US&source=embed,https://everout.com/portland/events/its-alive-pearenstein-burger/e249399/
burger-26018,burger-week-2026,Bless Your Heart Burgers,The Smoke Show,"Locally sourced ground beef, smoked pastrami jam, shredded lettuce, chipotle aioli, pickled peppers, and smoked cheddar cheese.",Vancouver,7910 E Mill Plain Blvd Suite 120,,,11 am-9 pm,11 am-9 pm,11 am-9 pm,11 am-9 pm,11 am-9 pm,11 am-9 pm,11 am-9 pm,,https://d2sa0osf92td39.cloudfront.net/eyJidWNrZXQiOiAiZXZlcm91dC1pbWFnZXMtcHJvZHVjdGlvbiIsICJrZXkiOiAiaW1hZ2UtMTc4NDY2OTgyMTM2NTc5Mi1CbGVzcy1Zb3VyLUhlYXJ0X1ZhbmNvdXZlci5qcGciLCAiZWRpdHMiOiB7InJlc2l6ZSI6IHsiZml0IjogImluc2lkZSIsICJwb3NpdGlvbiI6ICJjZW50cmUiLCAid2lkdGgiOiA5NjAsICJoZWlnaHQiOiA2MDAsICJ3aXRob3V0RW5sYXJnZW1lbnQiOiBmYWxzZX0sICJyb3RhdGUiOiBudWxsfX0=,https://maps.google.com/?cid=9565916965603495775&g_mp=CiVnb29nbGUubWFwcy5wbGFjZXMudjEuUGxhY2VzLkdldFBsYWNlEAMYASAF&hl=en-US&source=embed,https://everout.com/portland/events/the-smoke-show/e249403/
burger-26019,burger-week-2026,Boke Bowl,Sweet Chile of Mine Burger,"Double stack fresh ground burgers, pepper jack cheese, hot and sour pickled serrano chiles, _In & Out Style_ onions, chile crunch aioli, shredded lettuce on An Xuyen Asian brioche bun.",Buckman - Southeast Portland,1028 SE Water,,,,11 am-8 pm,11 am-8 pm,11 am-8 pm,11 am-8:30 pm,11 am-8:30 pm,11 am-8 pm,,https://d2sa0osf92td39.cloudfront.net/eyJidWNrZXQiOiAiZXZlcm91dC1pbWFnZXMtcHJvZHVjdGlvbiIsICJrZXkiOiAiaW1hZ2UtMTc4NDYwMzk5Mzg0MzY2OS1Cb2tlLUJvd2wuanBnIiwgImVkaXRzIjogeyJyZXNpemUiOiB7ImZpdCI6ICJpbnNpZGUiLCAicG9zaXRpb24iOiAiY2VudHJlIiwgIndpZHRoIjogOTYwLCAiaGVpZ2h0IjogNjAwLCAid2l0aG91dEVubGFyZ2VtZW50IjogZmFsc2V9LCAicm90YXRlIjogbnVsbH19,https://maps.google.com/?cid=13807710159044857153&g_mp=CiVnb29nbGUubWFwcy5wbGFjZXMudjEuUGxhY2VzLkdldFBsYWNlEAMYASAF&hl=en-US&source=embed,https://everout.com/portland/events/sweet-chile-of-mine-burger/e249326/
burger-26020,burger-week-2026,Botto_s BBQ,Mont Dew Burger,"Half-pound ground prime brisket patty, caramelized onion, melty Gruy_e cheese, French onion aioli, pickles, potato chips.",Southeast Portland,3120 SE Milwaukie Ave,,,,,11 am-8 pm,11 am-8 pm,11 am-8 pm,12-8 pm,12-6 pm,,https://d2sa0osf92td39.cloudfront.net/eyJidWNrZXQiOiAiZXZlcm91dC1pbWFnZXMtcHJvZHVjdGlvbiIsICJrZXkiOiAiaW1hZ2UtMTc4NDYwMzgwNDU5NDkzLUJvdHRvcy1CQlEuanBnIiwgImVkaXRzIjogeyJyZXNpemUiOiB7ImZpdCI6ICJpbnNpZGUiLCAicG9zaXRpb24iOiAiY2VudHJlIiwgIndpZHRoIjogOTYwLCAiaGVpZ2h0IjogNjAwLCAid2l0aG91dEVubGFyZ2VtZW50IjogZmFsc2V9LCAicm90YXRlIjogbnVsbH19,https://maps.google.com/?cid=13922714083302066734&g_mp=CiVnb29nbGUubWFwcy5wbGFjZXMudjEuUGxhY2VzLkdldFBsYWNlEAMYASAF&hl=en-US&source=embed,https://everout.com/portland/events/mont-dew-burger/e249325/
burger-26021,burger-week-2026,Breaking Buns @ Alchemy Cider,The Cleveland Steamer,"Togarashi seasoned beef patties topped with crispy seared pork belly, cheddar cheese, sweet soy caramelized onions, Chinese hot mustard, Szechuan mayo and Napa cabbage slaw served on 3 hot steamed buns.",Buckman - Southeast Portland,818 SE Ankeny St,,,4-9 pm,4-9 pm,4-9 pm,4-9 pm,4-11 pm,12-11 pm,"	4-9 pm",,https://d2sa0osf92td39.cloudfront.net/eyJidWNrZXQiOiAiZXZlcm91dC1pbWFnZXMtcHJvZHVjdGlvbiIsICJrZXkiOiAiaW1hZ2UtMTc4NTE4MTUyNTk0ODYwNC1CcmVha2luZy1CdW5zLmpwZyIsICJlZGl0cyI6IHsicmVzaXplIjogeyJmaXQiOiAiaW5zaWRlIiwgInBvc2l0aW9uIjogImNlbnRyZSIsICJ3aWR0aCI6IDk2MCwgImhlaWdodCI6IDYwMCwgIndpdGhvdXRFbmxhcmdlbWVudCI6IGZhbHNlfSwgInJvdGF0ZSI6IG51bGx9fQ==,https://maps.google.com/?cid=12038637716512196304&g_mp=CiVnb29nbGUubWFwcy5wbGFjZXMudjEuUGxhY2VzLkdldFBsYWNlEAMYASAF&hl=en-US&source=embed,https://everout.com/portland/events/the-cleveland-steamer/e249918/
burger-26022,burger-week-2026,Breakside Brewery - Slabtown,The Big Dill,"A charbroiled beef patty stacked with melty American cheese, crisp shredded lettuce, our house Big Dill sauce, fresh dill pickle chips, crispy pickle fries, and crunchy pickle potato chips on a toasted bun.",Northwest Portland,1570 NW 22nd,,,12-10 pm,12-10 pm,12-10 pm,12-10 pm,12-10 pm,12-10 pm,12-10 pm,,https://d2sa0osf92td39.cloudfront.net/eyJidWNrZXQiOiAiZXZlcm91dC1pbWFnZXMtcHJvZHVjdGlvbiIsICJrZXkiOiAiaW1hZ2UtMTc4NDYwMzI5MjU5NjIyNy1CcmVha3NpZGUuanBnIiwgImVkaXRzIjogeyJyZXNpemUiOiB7ImZpdCI6ICJpbnNpZGUiLCAicG9zaXRpb24iOiAiY2VudHJlIiwgIndpZHRoIjogOTYwLCAiaGVpZ2h0IjogNjAwLCAid2l0aG91dEVubGFyZ2VtZW50IjogZmFsc2V9LCAicm90YXRlIjogbnVsbH19,https://maps.google.com/?cid=2165074649475561884&g_mp=CiVnb29nbGUubWFwcy5wbGFjZXMudjEuUGxhY2VzLkdldFBsYWNlEAMYASAF&hl=en-US&source=embed,https://everout.com/portland/events/the-big-dill/e249323/
burger-26023,burger-week-2026,Brix Tavern,Service Mushroom Swiss Burger,"Ground beef patty, Swiss cheese, and mushroom.",Pearl District - Northwest Portland,1338 NW Hoyt St,,,11 am-10 pm,11 am-10 pm,11 am-10 pm,11 am-10 pm,11 am-11 pm,9:30 am-11 pm,9:30 am-10 pm,,https://d2sa0osf92td39.cloudfront.net/eyJidWNrZXQiOiAiZXZlcm91dC1pbWFnZXMtcHJvZHVjdGlvbiIsICJrZXkiOiAiaW1hZ2UtMTc4NDYwMzY3MDY5Njc2NC1Ccml4LmpwZyIsICJlZGl0cyI6IHsicmVzaXplIjogeyJmaXQiOiAiaW5zaWRlIiwgInBvc2l0aW9uIjogImNlbnRyZSIsICJ3aWR0aCI6IDk2MCwgImhlaWdodCI6IDYwMCwgIndpdGhvdXRFbmxhcmdlbWVudCI6IGZhbHNlfSwgInJvdGF0ZSI6IG51bGx9fQ==,https://maps.google.com/?cid=3115125725603224395&g_mp=CiVnb29nbGUubWFwcy5wbGFjZXMudjEuUGxhY2VzLkdldFBsYWNlEAMYASAF&hl=en-US&source=embed,https://everout.com/portland/events/service-mushroom-swiss-burger/e249324/
burger-26024,burger-week-2026,Bunk Bar,French Onion Juicy Lucy,"Beef and pork burger stuffed with Swiss and Gruyere cheeses and topped with more Gruyere, caramelized onion jam, and herb mayo on a squishy bun.",Buckman - Southeast Portland,1028 SE Water Ave,,,11:30 am-8 pm,11:30 am-8 pm,11:30 am-8 pm,11:30 am-8 pm,11:30 am-8 pm,11:30 am-8 pm,11:30 am-8 pm,,https://d2sa0osf92td39.cloudfront.net/eyJidWNrZXQiOiAiZXZlcm91dC1pbWFnZXMtcHJvZHVjdGlvbiIsICJrZXkiOiAiaW1hZ2UtMTc4NDYwMjQ5NzgwMjIxNy1CdW5rLVNhbmR3aWNoZXMuanBnIiwgImVkaXRzIjogeyJyZXNpemUiOiB7ImZpdCI6ICJpbnNpZGUiLCAicG9zaXRpb24iOiAiY2VudHJlIiwgIndpZHRoIjogOTYwLCAiaGVpZ2h0IjogNjAwLCAid2l0aG91dEVubGFyZ2VtZW50IjogZmFsc2V9LCAicm90YXRlIjogbnVsbH19,https://maps.google.com/?cid=13807710159044857153&g_mp=CiVnb29nbGUubWFwcy5wbGFjZXMudjEuUGxhY2VzLkdldFBsYWNlEAMYASAF&hl=en-US&source=embed,https://everout.com/portland/events/french-onion-juicy-lucy/e249321/
burger-26025,burger-week-2026,Cecilia,"Aloha, Neighbor","Country Natural ground chuck topped with crispy fried pepper jack cheese, grilled onions, arugula, house-made pineapple jam and habanero aioli. Served on a toasted buttered brioche bun for the perfect balance of sweet heat, richness, and tropical flavor.",Vancouver,2520 Columbia House Blvd #108,,,5-9 pm,5-9 pm,5-9 pm,5-9 pm,5-9 pm,5-9 pm,5-9 pm,,https://d2sa0osf92td39.cloudfront.net/eyJidWNrZXQiOiAiZXZlcm91dC1pbWFnZXMtcHJvZHVjdGlvbiIsICJrZXkiOiAiaW1hZ2UtMTc4NDYwMjE0NDgyMjk2NC1DZWNpbGlhLmpwZyIsICJlZGl0cyI6IHsicmVzaXplIjogeyJmaXQiOiAiaW5zaWRlIiwgInBvc2l0aW9uIjogImNlbnRyZSIsICJ3aWR0aCI6IDk2MCwgImhlaWdodCI6IDYwMCwgIndpdGhvdXRFbmxhcmdlbWVudCI6IGZhbHNlfSwgInJvdGF0ZSI6IG51bGx9fQ==,https://maps.google.com/?cid=12123243179467653120&g_mp=CiVnb29nbGUubWFwcy5wbGFjZXMudjEuUGxhY2VzLkdldFBsYWNlEAMYASAF&hl=en-US&source=embed,https://everout.com/portland/events/aloha-neighbor/e249320/
burger-26026,burger-week-2026,Clarklewis,The Cascadian,"American wagyu patty, Jim Beam & Oregon marionberry barbecue sauce, Face Rock Creamery _In Your Face_ pepper cheddar, pickled onions, arugula, pretzel bun.",Buckman - Southeast Portland,1001 SE Water Ave,,,4-9 pm,4-9 pm,4-9 pm,4-9 pm,4-10 pm,4-10 pm,4-9 pm,,https://d2sa0osf92td39.cloudfront.net/eyJidWNrZXQiOiAiZXZlcm91dC1pbWFnZXMtcHJvZHVjdGlvbiIsICJrZXkiOiAiaW1hZ2UtMTc4NDIzMTQwMTIyMjQ2LUNsYXJrbGV3aXMuanBnIiwgImVkaXRzIjogeyJyZXNpemUiOiB7ImZpdCI6ICJpbnNpZGUiLCAicG9zaXRpb24iOiAiY2VudHJlIiwgIndpZHRoIjogOTYwLCAiaGVpZ2h0IjogNjAwLCAid2l0aG91dEVubGFyZ2VtZW50IjogZmFsc2V9LCAicm90YXRlIjogbnVsbH19,https://maps.google.com/?cid=2179292966461725016&g_mp=CiVnb29nbGUubWFwcy5wbGFjZXMudjEuUGxhY2VzLkdldFBsYWNlEAMYASAF&hl=en-US&source=embed,https://everout.com/portland/events/the-cascadian/e248860/
burger-26027,burger-week-2026,Creepy's,Okely-Dokely,"Mustard-based Oklahoma onion burger, American cheese, crushed Zapp's Voodoo Chips, pickles, burger sauce, on a Franz bun.",Buckman - Southeast Portland,627 SE Morrison_,,,4 pm-1 am,4 pm-1 am,4 pm-1 am,4 pm-1 am,4 pm-1 am,4 pm-2:30 am,4 pm-2:30 am,,https://d2sa0osf92td39.cloudfront.net/eyJidWNrZXQiOiAiZXZlcm91dC1pbWFnZXMtcHJvZHVjdGlvbiIsICJrZXkiOiAiaW1hZ2UtMTc4NDYwMTY3NjM0NzQyNi1DcmVlcHlzLmpwZyIsICJlZGl0cyI6IHsicmVzaXplIjogeyJmaXQiOiAiaW5zaWRlIiwgInBvc2l0aW9uIjogImNlbnRyZSIsICJ3aWR0aCI6IDk2MCwgImhlaWdodCI6IDYwMCwgIndpdGhvdXRFbmxhcmdlbWVudCI6IGZhbHNlfSwgInJvdGF0ZSI6IG51bGx9fQ==,https://maps.google.com/?cid=4984938182822059565&g_mp=CiVnb29nbGUubWFwcy5wbGFjZXMudjEuUGxhY2VzLkdldFBsYWNlEAMYASAF&hl=en-US&source=embed,https://everout.com/portland/events/okely-dokely/e249319/
burger-26028,burger-week-2026,Daily Planet,The Cherry Bomb Burger,"Nacho cheese, cherry peppers, and all the regular burger fixin's.",Powellhurst-Gilbert - Southeast Portland,11312 SE Powell Blvd,,,8-12 am,8-12 am,8-12 am,8-12 am,8-12 am,8-12 am,8-12 am,,https://d2sa0osf92td39.cloudfront.net/eyJidWNrZXQiOiAiZXZlcm91dC1pbWFnZXMtcHJvZHVjdGlvbiIsICJrZXkiOiAiaW1hZ2UtMTc4NDIzMDkxMjQ4OTk1MS1EYWlseS1QbGFuZXQuanBnIiwgImVkaXRzIjogeyJyZXNpemUiOiB7ImZpdCI6ICJpbnNpZGUiLCAicG9zaXRpb24iOiAiY2VudHJlIiwgIndpZHRoIjogOTYwLCAiaGVpZ2h0IjogNjAwLCAid2l0aG91dEVubGFyZ2VtZW50IjogZmFsc2V9LCAicm90YXRlIjogbnVsbH19,https://maps.google.com/?cid=7109894284847531868&g_mp=CiVnb29nbGUubWFwcy5wbGFjZXMudjEuUGxhY2VzLkdldFBsYWNlEAMYASAF&hl=en-US&source=embed,https://everout.com/portland/events/the-cherry-bomb-burger/e248859/
burger-26029,burger-week-2026,DC Vegetarian,The BBQ Chicken Bacon Cheese Burger (It's a Mouthful),"Crispy breaded chicken patty, house BBQ sauce, house-marinated tempeh bacon, a slice of cheese, pickles, crispy fried onions, and vegenaise on a sesame seed bun.",Richmond - Southeast Portland,5026 SE Division,,,,11 am-8 pm,11 am-8 pm,11 am-8 pm,11 am-8 pm,11 am-8 pm,11 am-3 pm,,https://d2sa0osf92td39.cloudfront.net/eyJidWNrZXQiOiAiZXZlcm91dC1pbWFnZXMtcHJvZHVjdGlvbiIsICJrZXkiOiAiaW1hZ2UtMTc4NDY3MDkxODg5MzMyNS1EQy1WZWdldGFyaWFuLmpwZyIsICJlZGl0cyI6IHsicmVzaXplIjogeyJmaXQiOiAiaW5zaWRlIiwgInBvc2l0aW9uIjogImNlbnRyZSIsICJ3aWR0aCI6IDk2MCwgImhlaWdodCI6IDYwMCwgIndpdGhvdXRFbmxhcmdlbWVudCI6IGZhbHNlfSwgInJvdGF0ZSI6IG51bGx9fQ==,https://maps.google.com/?cid=11414654450769686111&g_mp=CiVnb29nbGUubWFwcy5wbGFjZXMudjEuUGxhY2VzLkdldFBsYWNlEAMYASAF&hl=en-US&source=embed,https://everout.com/portland/events/the-bbq-chicken-bacon-cheese-burger-its-a-mouthful/e249409/
burger-26030,burger-week-2026,,,,,,,,,,,,,,,,,,
burger-26031,burger-week-2026,,,,,,,,,,,,,,,,,,
burger-26032,burger-week-2026,,,,,,,,,,,,,,,,,,
burger-26033,burger-week-2026,,,,,,,,,,,,,,,,,,
burger-26034,burger-week-2026,,,,,,,,,,,,,,,,,,
burger-26035,burger-week-2026,,,,,,,,,,,,,,,,,,
burger-26036,burger-week-2026,,,,,,,,,,,,,,,,,,
burger-26037,burger-week-2026,,,,,,,,,,,,,,,,,,
burger-26038,burger-week-2026,,,,,,,,,,,,,,,,,,
burger-26039,burger-week-2026,,,,,,,,,,,,,,,,,,
burger-26040,burger-week-2026,,,,,,,,,,,,,,,,,,
burger-26041,burger-week-2026,,,,,,,,,,,,,,,,,,
burger-26042,burger-week-2026,,,,,,,,,,,,,,,,,,
burger-26043,burger-week-2026,,,,,,,,,,,,,,,,,,
burger-26044,burger-week-2026,,,,,,,,,,,,,,,,,,
burger-26045,burger-week-2026,,,,,,,,,,,,,,,,,,
burger-26046,burger-week-2026,,,,,,,,,,,,,,,,,,
burger-26047,burger-week-2026,,,,,,,,,,,,,,,,,,
burger-26048,burger-week-2026,,,,,,,,,,,,,,,,,,
burger-26049,burger-week-2026,,,,,,,,,,,,,,,,,,
burger-26050,burger-week-2026,,,,,,,,,,,,,,,,,,
burger-26051,burger-week-2026,,,,,,,,,,,,,,,,,,
burger-26052,burger-week-2026,,,,,,,,,,,,,,,,,,
burger-26053,burger-week-2026,,,,,,,,,,,,,,,,,,
burger-26054,burger-week-2026,,,,,,,,,,,,,,,,,,
burger-26055,burger-week-2026,,,,,,,,,,,,,,,,,,
burger-26056,burger-week-2026,,,,,,,,,,,,,,,,,,
burger-26057,burger-week-2026,,,,,,,,,,,,,,,,,,
burger-26058,burger-week-2026,,,,,,,,,,,,,,,,,,
burger-26059,burger-week-2026,,,,,,,,,,,,,,,,,,
burger-26060,burger-week-2026,,,,,,,,,,,,,,,,,,
burger-26061,burger-week-2026,,,,,,,,,,,,,,,,,,
burger-26062,burger-week-2026,,,,,,,,,,,,,,,,,,
burger-26063,burger-week-2026,,,,,,,,,,,,,,,,,,
burger-26064,burger-week-2026,,,,,,,,,,,,,,,,,,
burger-26065,burger-week-2026,,,,,,,,,,,,,,,,,,
burger-26066,burger-week-2026,,,,,,,,,,,,,,,,,,
burger-26067,burger-week-2026,,,,,,,,,,,,,,,,,,
burger-26068,burger-week-2026,,,,,,,,,,,,,,,,,,
burger-26069,burger-week-2026,,,,,,,,,,,,,,,,,,
burger-26070,burger-week-2026,,,,,,,,,,,,,,,,,,
burger-26071,burger-week-2026,,,,,,,,,,,,,,,,,,
burger-26072,burger-week-2026,,,,,,,,,,,,,,,,,,
burger-26073,burger-week-2026,,,,,,,,,,,,,,,,,,
burger-26074,burger-week-2026,,,,,,,,,,,,,,,,,,
burger-26075,burger-week-2026,,,,,,,,,,,,,,,,,,
burger-26076,burger-week-2026,,,,,,,,,,,,,,,,,,
burger-26077,burger-week-2026,,,,,,,,,,,,,,,,,,
burger-26078,burger-week-2026,,,,,,,,,,,,,,,,,,
burger-26079,burger-week-2026,,,,,,,,,,,,,,,,,,
burger-26080,burger-week-2026,,,,,,,,,,,,,,,,,,
burger-26081,burger-week-2026,,,,,,,,,,,,,,,,,,
burger-26082,burger-week-2026,,,,,,,,,,,,,,,,,,
burger-26083,burger-week-2026,,,,,,,,,,,,,,,,,,
burger-26084,burger-week-2026,,,,,,,,,,,,,,,,,,
burger-26085,burger-week-2026,,,,,,,,,,,,,,,,,,
burger-26086,burger-week-2026,,,,,,,,,,,,,,,,,,
burger-26087,burger-week-2026,,,,,,,,,,,,,,,,,,
burger-26088,burger-week-2026,,,,,,,,,,,,,,,,,,
burger-26089,burger-week-2026,,,,,,,,,,,,,,,,,,
burger-26090,burger-week-2026,,,,,,,,,,,,,,,,,,
burger-26091,burger-week-2026,,,,,,,,,,,,,,,,,,
burger-26092,burger-week-2026,,,,,,,,,,,,,,,,,,
burger-26093,burger-week-2026,,,,,,,,,,,,,,,,,,
burger-26094,burger-week-2026,,,,,,,,,,,,,,,,,,
burger-26095,burger-week-2026,,,,,,,,,,,,,,,,,,
burger-26096,burger-week-2026,,,,,,,,,,,,,,,,,,
burger-26097,burger-week-2026,,,,,,,,,,,,,,,,,,
burger-26098,burger-week-2026,,,,,,,,,,,,,,,,,,
burger-26099,burger-week-2026,,,,,,,,,,,,,,,,,,
burger-26100,burger-week-2026,,,,,,,,,,,,,,,,,,
burger-26101,burger-week-2026,,,,,,,,,,,,,,,,,,
burger-26102,burger-week-2026,,,,,,,,,,,,,,,,,,
burger-26103,burger-week-2026,,,,,,,,,,,,,,,,,,
burger-26104,burger-week-2026,,,,,,,,,,,,,,,,,,
burger-26105,burger-week-2026,,,,,,,,,,,,,,,,,,
burger-26106,burger-week-2026,,,,,,,,,,,,,,,,,,
burger-26107,burger-week-2026,,,,,,,,,,,,,,,,,,
burger-26108,burger-week-2026,,,,,,,,,,,,,,,,,,
burger-26109,burger-week-2026,,,,,,,,,,,,,,,,,,
burger-26110,burger-week-2026,,,,,,,,,,,,,,,,,,
burger-26111,burger-week-2026,,,,,,,,,,,,,,,,,,
burger-26112,burger-week-2026,,,,,,,,,,,,,,,,,,
burger-26113,burger-week-2026,,,,,,,,,,,,,,,,,,
burger-26114,burger-week-2026,,,,,,,,,,,,,,,,,,
burger-26115,burger-week-2026,,,,,,,,,,,,,,,,,,
burger-26116,burger-week-2026,,,,,,,,,,,,,,,,,,
burger-26117,burger-week-2026,,,,,,,,,,,,,,,,,,
burger-26118,burger-week-2026,,,,,,,,,,,,,,,,,,
burger-26119,burger-week-2026,,,,,,,,,,,,,,,,,,
burger-26120,burger-week-2026,,,,,,,,,,,,,,,,,,
burger-26121,burger-week-2026,,,,,,,,,,,,,,,,,,
burger-26122,burger-week-2026,,,,,,,,,,,,,,,,,,
burger-26123,burger-week-2026,,,,,,,,,,,,,,,,,,
burger-26124,burger-week-2026,,,,,,,,,,,,,,,,,,